-- MySQL Script generated by MySQL Workbench
-- Tue Jan  5 22:09:48 2021
-- Model: New Model    Version: 1.0
-- MySQL Workbench Forward Engineering

SET @OLD_UNIQUE_CHECKS=@@UNIQUE_CHECKS, UNIQUE_CHECKS=0;
SET @OLD_FOREIGN_KEY_CHECKS=@@FOREIGN_KEY_CHECKS, FOREIGN_KEY_CHECKS=0;
SET @OLD_SQL_MODE=@@SQL_MODE, SQL_MODE='ONLY_FULL_GROUP_BY,STRICT_TRANS_TABLES,NO_ZERO_IN_DATE,NO_ZERO_DATE,ERROR_FOR_DIVISION_BY_ZERO,NO_ENGINE_SUBSTITUTION';

-- -----------------------------------------------------
-- Schema central_hospital_england
-- -----------------------------------------------------

-- -----------------------------------------------------
-- Schema central_hospital_england
-- -----------------------------------------------------
CREATE SCHEMA IF NOT EXISTS `central_hospital_england` DEFAULT CHARACTER SET utf8 ;
USE `central_hospital_england` ;

-- -----------------------------------------------------
-- Table `central_hospital_england`.`address`
-- -----------------------------------------------------
CREATE TABLE IF NOT EXISTS `central_hospital_england`.`address` (
  `id` INT(11) NOT NULL AUTO_INCREMENT,
  `house_no` INT(11) NOT NULL,
  `street` VARCHAR(125) NOT NULL,
  `landmark` VARCHAR(125) NULL,
  `pincode` VARCHAR(45) NOT NULL,
  `created_date` DATETIME NOT NULL,
  `updated_date` DATETIME NULL,
  `is_deleted` INT(1) NOT NULL,
  PRIMARY KEY (`id`))
ENGINE = InnoDB;


-- -----------------------------------------------------
-- Table `central_hospital_england`.`department`
-- -----------------------------------------------------
CREATE TABLE IF NOT EXISTS `central_hospital_england`.`department` (
  `id` INT(11) NOT NULL AUTO_INCREMENT,
  `name` VARCHAR(45) NOT NULL,
  `created_date` DATETIME NULL,
  `updated_date` DATETIME NULL,
  `is_deleted` DATETIME NULL,
  PRIMARY KEY (`id`))
ENGINE = InnoDB;


-- -----------------------------------------------------
-- Table `central_hospital_england`.`doctor`
-- -----------------------------------------------------
CREATE TABLE IF NOT EXISTS `central_hospital_england`.`doctor` (
  `id` INT(11) NOT NULL,
  `name` VARCHAR(45) NOT NULL,
  `created_date` DATETIME NOT NULL,
  `updated_date` DATETIME NULL,
  `is_deleted` INT(1) NOT NULL,
  `specialization_id` INT(11) NOT NULL,
  `department_id` INT(11) NOT NULL,
  `contact_number` VARCHAR(45) NOT NULL,
  PRIMARY KEY (`id`),
  INDEX `fk_lkp_specialization_doctor_specialization_id_idx` (`specialization_id` ASC),
  INDEX `fk_department_doctor_department_id_idx` (`department_id` ASC),
  CONSTRAINT `fk_lkp_specialization_doctor_specialization_id`
    FOREIGN KEY (`specialization_id`)
    REFERENCES `central_hospital_england`.`lkp_specialization` (`id`)
    ON DELETE NO ACTION
    ON UPDATE NO ACTION,
  CONSTRAINT `fk_department_doctor_department_id`
    FOREIGN KEY (`department_id`)
    REFERENCES `central_hospital_england`.`department` (`id`)
    ON DELETE NO ACTION
    ON UPDATE NO ACTION)
ENGINE = InnoDB;


-- -----------------------------------------------------
-- Table `central_hospital_england`.`hospital_staff`
-- -----------------------------------------------------
CREATE TABLE IF NOT EXISTS `central_hospital_england`.`hospital_staff` (
  `id` INT NOT NULL,
  `ppe_evalution` INT(11) NOT NULL,
  `created_date` DATETIME NOT NULL,
  `updated_date` DATETIME NULL,
  `is_deleted` INT(1) NOT NULL,
  `staff_name` VARCHAR(45) NOT NULL,
  `department_name` VARCHAR(45) NOT NULL,
  `job_title` VARCHAR(45) NOT NULL,
  `date_of_evolution` DATE NULL,
  PRIMARY KEY (`id`))
ENGINE = InnoDB;


-- -----------------------------------------------------
-- Table `central_hospital_england`.`lkp_medicine`
-- -----------------------------------------------------
CREATE TABLE IF NOT EXISTS `central_hospital_england`.`lkp_medicine` (
  `id` INT(11) NOT NULL,
  `medicine_name` VARCHAR(45) NOT NULL,
  `created_date` DATETIME NULL,
  `updated_date` DATETIME NULL,
  `is_deleted` INT(1) NULL,
  PRIMARY KEY (`id`))
ENGINE = InnoDB;


-- -----------------------------------------------------
-- Table `central_hospital_england`.`lkp_specialization`
-- -----------------------------------------------------
CREATE TABLE IF NOT EXISTS `central_hospital_england`.`lkp_specialization` (
  `id` INT NOT NULL,
  `specilization_name` VARCHAR(45) NOT NULL,
  `created_date` DATETIME NOT NULL,
  `updated_date` DATETIME NULL,
  `is_deleted` INT(1) NOT NULL,
  `experience_year` INT(11) NULL,
  PRIMARY KEY (`id`))
ENGINE = InnoDB;


-- -----------------------------------------------------
-- Table `central_hospital_england`.`lkp_symptoms`
-- -----------------------------------------------------
CREATE TABLE IF NOT EXISTS `central_hospital_england`.`lkp_symptoms` (
  `id` INT(11) NOT NULL AUTO_INCREMENT,
  `syptom_name` VARCHAR(45) NOT NULL,
  `created_date` DATETIME NOT NULL,
  `updated_date` DATETIME NULL,
  `is_deleted` INT(1) NOT NULL,
  PRIMARY KEY (`id`))
ENGINE = InnoDB;


-- -----------------------------------------------------
-- Table `central_hospital_england`.`patient`
-- -----------------------------------------------------
CREATE TABLE IF NOT EXISTS `central_hospital_england`.`patient` (
  `id` INT(11) NOT NULL,
  `name` VARCHAR(45) NOT NULL,
  `doctor_id` INT(11) NOT NULL,
  `address_id` INT(11) NOT NULL,
  `illness_status` TINYINT NOT NULL,
  `doctor_consultation` TINYINT NOT NULL,
  `created_date` DATETIME NOT NULL,
  `updated_date` DATETIME NULL,
  `is_deleted` INT(1) NOT NULL,
  `refferd_by` VARCHAR(45) NOT NULL,
  `syptom_id` INT(11) NOT NULL,
  `medicine_id` INT(11) NOT NULL,
  `quarantine_id` INT(11) NOT NULL,
  `test_id` INT(11) NOT NULL,
  `staff_id` INT(11) NOT NULL,
  `gender` VARCHAR(45) NULL,
  `age` INT(11) NULL,
  `ethnicity` VARCHAR(45) NULL,
  PRIMARY KEY (`id`),
  INDEX `fk_doctor_patient_doctor_id_idx` (`doctor_id` ASC),
  INDEX `fk_address_patient_address_id_idx` (`address_id` ASC),
  INDEX `fk_lkp_symptoms_patient_syptom_id_idx` (`syptom_id` ASC),
  INDEX `fk_hospital_staff_patient_staff_id_idx` (`staff_id` ASC),
  INDEX `fk_testing_detail_patient_test_id_idx` (`test_id` ASC),
  INDEX `fk_quarantine_patient_quarantine_id_idx` (`quarantine_id` ASC),
  INDEX `fk_lkp_medicine_patient_medicine_id_idx` (`medicine_id` ASC),
  CONSTRAINT `fk_doctor_patient_doctor_id`
    FOREIGN KEY (`doctor_id`)
    REFERENCES `central_hospital_england`.`doctor` (`id`)
    ON DELETE NO ACTION
    ON UPDATE NO ACTION,
  CONSTRAINT `fk_address_patient_address_id`
    FOREIGN KEY (`address_id`)
    REFERENCES `central_hospital_england`.`address` (`id`)
    ON DELETE NO ACTION
    ON UPDATE NO ACTION,
  CONSTRAINT `fk_lkp_symptoms_patient_syptom_id`
    FOREIGN KEY (`syptom_id`)
    REFERENCES `central_hospital_england`.`lkp_symptoms` (`id`)
    ON DELETE NO ACTION
    ON UPDATE NO ACTION,
  CONSTRAINT `fk_lkp_medicine_patient_medicine_id`
    FOREIGN KEY (`medicine_id`)
    REFERENCES `central_hospital_england`.`lkp_medicine` (`id`)
    ON DELETE NO ACTION
    ON UPDATE NO ACTION,
  CONSTRAINT `fk_quarantine_patient_quarantine_id`
    FOREIGN KEY (`quarantine_id`)
    REFERENCES `central_hospital_england`.`quarantine` (`id`)
    ON DELETE NO ACTION
    ON UPDATE NO ACTION,
  CONSTRAINT `fk_testing_detail_patient_test_id`
    FOREIGN KEY (`test_id`)
    REFERENCES `central_hospital_england`.`testing_detail` (`id`)
    ON DELETE NO ACTION
    ON UPDATE NO ACTION,
  CONSTRAINT `fk_hospital_staff_patient_staff_id`
    FOREIGN KEY (`staff_id`)
    REFERENCES `central_hospital_england`.`hospital_staff` (`id`)
    ON DELETE NO ACTION
    ON UPDATE NO ACTION)
ENGINE = InnoDB;


-- -----------------------------------------------------
-- Table `central_hospital_england`.`quarantine`
-- -----------------------------------------------------
CREATE TABLE IF NOT EXISTS `central_hospital_england`.`quarantine` (
  `id` INT(11) NOT NULL AUTO_INCREMENT,
  `patient_id` INT(11) NOT NULL,
  `doctor_id` INT(11) NOT NULL,
  `Quarantine_day` INT(11) NOT NULL,
  `created_date` DATETIME NULL,
  `updated_date` DATETIME NULL,
  `is_created` INT(1) NULL,
  PRIMARY KEY (`id`),
  INDEX `fk_patient_quarantine_patient_id_idx` (`patient_id` ASC),
  INDEX `fk_doctor_quarantine_doctor_id_idx` (`doctor_id` ASC),
  CONSTRAINT `fk_patient_quarantine_patient_id`
    FOREIGN KEY (`patient_id`)
    REFERENCES `central_hospital_england`.`patient` (`id`)
    ON DELETE NO ACTION
    ON UPDATE NO ACTION,
  CONSTRAINT `fk_doctor_quarantine_doctor_id`
    FOREIGN KEY (`doctor_id`)
    REFERENCES `central_hospital_england`.`doctor` (`id`)
    ON DELETE NO ACTION
    ON UPDATE NO ACTION)
ENGINE = InnoDB;


-- -----------------------------------------------------
-- Table `central_hospital_england`.`testing_detail`
-- -----------------------------------------------------
CREATE TABLE IF NOT EXISTS `central_hospital_england`.`testing_detail` (
  `id` INT(11) NOT NULL,
  `test_name` VARCHAR(45) NOT NULL,
  `testing_detail` VARCHAR(45) NOT NULL,
  `test_status` TINYINT NOT NULL,
  `created_date` DATETIME NOT NULL,
  `updated_date` DATETIME NULL,
  `is_deleted` INT(1) NOT NULL,
  PRIMARY KEY (`id`))
ENGINE = InnoDB;


SET SQL_MODE=@OLD_SQL_MODE;
SET FOREIGN_KEY_CHECKS=@OLD_FOREIGN_KEY_CHECKS;
SET UNIQUE_CHECKS=@OLD_UNIQUE_CHECKS;

-- -----------------------------------------------------
-- Data for table `central_hospital_england`.`address`
-- -----------------------------------------------------
START TRANSACTION;
USE `central_hospital_england`;
INSERT INTO `central_hospital_england`.`address` (`id`, `house_no`, `street`, `landmark`, `pincode`, `created_date`, `updated_date`, `is_deleted`) VALUES (1, 73, ' HOLBURN STREET', '73 HOLBURN STREET', 'AB10 6DN', DEFAULT, NULL, DEFAULT);
INSERT INTO `central_hospital_england`.`address` (`id`, `house_no`, `street`, `landmark`, `pincode`, `created_date`, `updated_date`, `is_deleted`) VALUES (2, 255, 'PEEL HOUSE', '30 THE DOWNS', 'WA14 2PU', DEFAULT, NULL, DEFAULT);
INSERT INTO `central_hospital_england`.`address` (`id`, `house_no`, `street`, `landmark`, `pincode`, `created_date`, `updated_date`, `is_deleted`) VALUES (3, 169, 'ANDOVER HOUSE', ' GEORGE YARD', 'SP10 1PB', DEFAULT, NULL, DEFAULT);
INSERT INTO `central_hospital_england`.`address` (`id`, `house_no`, `street`, `landmark`, `pincode`, `created_date`, `updated_date`, `is_deleted`) VALUES (4, 5, '4 FULLARTON STREET', 'fullarton', 'KA7 1UB', DEFAULT, NULL, DEFAULT);
INSERT INTO `central_hospital_england`.`address` (`id`, `house_no`, `street`, `landmark`, `pincode`, `created_date`, `updated_date`, `is_deleted`) VALUES (5, 89, ' 29-30 HORSEFAIR', 'horsefair', 'OX16 0BW', DEFAULT, NULL, DEFAULT);

COMMIT;


-- -----------------------------------------------------
-- Data for table `central_hospital_england`.`department`
-- -----------------------------------------------------
START TRANSACTION;
USE `central_hospital_england`;
INSERT INTO `central_hospital_england`.`department` (`id`, `name`, `created_date`, `updated_date`, `is_deleted`) VALUES (1, 'Medical Department', NULL, NULL, NULL);
INSERT INTO `central_hospital_england`.`department` (`id`, `name`, `created_date`, `updated_date`, `is_deleted`) VALUES (2, 'Nursing Department,', NULL, NULL, NULL);
INSERT INTO `central_hospital_england`.`department` (`id`, `name`, `created_date`, `updated_date`, `is_deleted`) VALUES (3, 'Paramedical Department', NULL, NULL, NULL);
INSERT INTO `central_hospital_england`.`department` (`id`, `name`, `created_date`, `updated_date`, `is_deleted`) VALUES (4, 'Physical Medicine and Rehabilitation Department', NULL, NULL, NULL);
INSERT INTO `central_hospital_england`.`department` (`id`, `name`, `created_date`, `updated_date`, `is_deleted`) VALUES (5, 'Pharmacy Department', NULL, NULL, NULL);
INSERT INTO `central_hospital_england`.`department` (`id`, `name`, `created_date`, `updated_date`, `is_deleted`) VALUES (6, 'Radiology Department ', NULL, NULL, NULL);

COMMIT;


-- -----------------------------------------------------
-- Data for table `central_hospital_england`.`doctor`
-- -----------------------------------------------------
START TRANSACTION;
USE `central_hospital_england`;
INSERT INTO `central_hospital_england`.`doctor` (`id`, `name`, `created_date`, `updated_date`, `is_deleted`, `specialization_id`, `department_id`, `contact_number`) VALUES (1, 'Dr. dcrouse', DEFAULT, NULL, DEFAULT, 1, 1, '011-22774146');
INSERT INTO `central_hospital_england`.`doctor` (`id`, `name`, `created_date`, `updated_date`, `is_deleted`, `specialization_id`, `department_id`, `contact_number`) VALUES (2, 'Dr. joseph', DEFAULT, NULL, DEFAULT, 2, 2, '011-22582512');
INSERT INTO `central_hospital_england`.`doctor` (`id`, `name`, `created_date`, `updated_date`, `is_deleted`, `specialization_id`, `department_id`, `contact_number`) VALUES (3, 'Dr. berey', DEFAULT, NULL, DEFAULT, 3, 3, '011-22301148 ');
INSERT INTO `central_hospital_england`.`doctor` (`id`, `name`, `created_date`, `updated_date`, `is_deleted`, `specialization_id`, `department_id`, `contact_number`) VALUES (DEFAULT, DEFAULT, DEFAULT, NULL, DEFAULT, DEFAULT, , DEFAULT);

COMMIT;


-- -----------------------------------------------------
-- Data for table `central_hospital_england`.`lkp_medicine`
-- -----------------------------------------------------
START TRANSACTION;
USE `central_hospital_england`;
INSERT INTO `central_hospital_england`.`lkp_medicine` (`id`, `medicine_name`, `created_date`, `updated_date`, `is_deleted`) VALUES (1, 'paracetamol', NULL, NULL, NULL);
INSERT INTO `central_hospital_england`.`lkp_medicine` (`id`, `medicine_name`, `created_date`, `updated_date`, `is_deleted`) VALUES (2, 'cough linctus', NULL, NULL, NULL);
INSERT INTO `central_hospital_england`.`lkp_medicine` (`id`, `medicine_name`, `created_date`, `updated_date`, `is_deleted`) VALUES (3, 'high dose asprin', NULL, NULL, NULL);
INSERT INTO `central_hospital_england`.`lkp_medicine` (`id`, `medicine_name`, `created_date`, `updated_date`, `is_deleted`) VALUES (4, 'naproxen', NULL, NULL, NULL);
INSERT INTO `central_hospital_england`.`lkp_medicine` (`id`, `medicine_name`, `created_date`, `updated_date`, `is_deleted`) VALUES (5, 'etoricoxib', NULL, NULL, NULL);
INSERT INTO `central_hospital_england`.`lkp_medicine` (`id`, `medicine_name`, `created_date`, `updated_date`, `is_deleted`) VALUES (6, 'diclofenac', NULL, NULL, NULL);
INSERT INTO `central_hospital_england`.`lkp_medicine` (`id`, `medicine_name`, `created_date`, `updated_date`, `is_deleted`) VALUES (7, 'indomethacin', NULL, NULL, NULL);

COMMIT;


-- -----------------------------------------------------
-- Data for table `central_hospital_england`.`lkp_specialization`
-- -----------------------------------------------------
START TRANSACTION;
USE `central_hospital_england`;
INSERT INTO `central_hospital_england`.`lkp_specialization` (`id`, `specilization_name`, `created_date`, `updated_date`, `is_deleted`, `experience_year`) VALUES (1, 'endocrinologist ', DEFAULT, NULL, DEFAULT, 6);
INSERT INTO `central_hospital_england`.`lkp_specialization` (`id`, `specilization_name`, `created_date`, `updated_date`, `is_deleted`, `experience_year`) VALUES (2, 'psychiatrist ', DEFAULT, NULL, DEFAULT, 7);
INSERT INTO `central_hospital_england`.`lkp_specialization` (`id`, `specilization_name`, `created_date`, `updated_date`, `is_deleted`, `experience_year`) VALUES (3, 'gastroenterologist', DEFAULT, NULL, DEFAULT, 8);

COMMIT;


-- -----------------------------------------------------
-- Data for table `central_hospital_england`.`lkp_symptoms`
-- -----------------------------------------------------
START TRANSACTION;
USE `central_hospital_england`;
INSERT INTO `central_hospital_england`.`lkp_symptoms` (`id`, `syptom_name`, `created_date`, `updated_date`, `is_deleted`) VALUES (1, 'a new continuous cough', DEFAULT, NULL, DEFAULT);
INSERT INTO `central_hospital_england`.`lkp_symptoms` (`id`, `syptom_name`, `created_date`, `updated_date`, `is_deleted`) VALUES (2, 'a high temperature', DEFAULT, NULL, DEFAULT);
INSERT INTO `central_hospital_england`.`lkp_symptoms` (`id`, `syptom_name`, `created_date`, `updated_date`, `is_deleted`) VALUES (3, 'a loss of or change to sense of smell or taste', DEFAULT, NULL, DEFAULT);

COMMIT;


-- -----------------------------------------------------
-- Data for table `central_hospital_england`.`patient`
-- -----------------------------------------------------
START TRANSACTION;
USE `central_hospital_england`;
INSERT INTO `central_hospital_england`.`patient` (`id`, `name`, `doctor_id`, `address_id`, `illness_status`, `doctor_consultation`, `created_date`, `updated_date`, `is_deleted`, `refferd_by`, `syptom_id`, `medicine_id`, `quarantine_id`, `test_id`, `staff_id`, `gender`, `age`, `ethnicity`) VALUES (1, 'Stanley', 1, 1, positive, yes, DEFAULT, NULL, DEFAULT, DEFAULT, DEFAULT, DEFAULT, DEFAULT, DEFAULT, DEFAULT, NULL, NULL, NULL);
INSERT INTO `central_hospital_england`.`patient` (`id`, `name`, `doctor_id`, `address_id`, `illness_status`, `doctor_consultation`, `created_date`, `updated_date`, `is_deleted`, `refferd_by`, `syptom_id`, `medicine_id`, `quarantine_id`, `test_id`, `staff_id`, `gender`, `age`, `ethnicity`) VALUES (2, 'jorge', 2, 2, nagative, yes, DEFAULT, NULL, DEFAULT, DEFAULT, DEFAULT, DEFAULT, DEFAULT, DEFAULT, DEFAULT, NULL, NULL, NULL);
INSERT INTO `central_hospital_england`.`patient` (`id`, `name`, `doctor_id`, `address_id`, `illness_status`, `doctor_consultation`, `created_date`, `updated_date`, `is_deleted`, `refferd_by`, `syptom_id`, `medicine_id`, `quarantine_id`, `test_id`, `staff_id`, `gender`, `age`, `ethnicity`) VALUES (3, 'john', 2, 3, positive, yes, DEFAULT, NULL, DEFAULT, DEFAULT, DEFAULT, DEFAULT, DEFAULT, DEFAULT, DEFAULT, NULL, NULL, NULL);
INSERT INTO `central_hospital_england`.`patient` (`id`, `name`, `doctor_id`, `address_id`, `illness_status`, `doctor_consultation`, `created_date`, `updated_date`, `is_deleted`, `refferd_by`, `syptom_id`, `medicine_id`, `quarantine_id`, `test_id`, `staff_id`, `gender`, `age`, `ethnicity`) VALUES (4, 'marey', 3, 5, negative, no, DEFAULT, NULL, DEFAULT, DEFAULT, DEFAULT, DEFAULT, DEFAULT, DEFAULT, DEFAULT, NULL, NULL, NULL);
INSERT INTO `central_hospital_england`.`patient` (`id`, `name`, `doctor_id`, `address_id`, `illness_status`, `doctor_consultation`, `created_date`, `updated_date`, `is_deleted`, `refferd_by`, `syptom_id`, `medicine_id`, `quarantine_id`, `test_id`, `staff_id`, `gender`, `age`, `ethnicity`) VALUES (5, 'jessy', 4, 4, negative, no, DEFAULT, NULL, DEFAULT, DEFAULT, DEFAULT, DEFAULT, DEFAULT, DEFAULT, DEFAULT, NULL, NULL, NULL);

COMMIT;


-- -----------------------------------------------------
-- Data for table `central_hospital_england`.`quarantine`
-- -----------------------------------------------------
START TRANSACTION;
USE `central_hospital_england`;
INSERT INTO `central_hospital_england`.`quarantine` (`id`, `patient_id`, `doctor_id`, `Quarantine_day`, `created_date`, `updated_date`, `is_created`) VALUES (1, 1, 2, DEFAULT, NULL, NULL, NULL);
INSERT INTO `central_hospital_england`.`quarantine` (`id`, `patient_id`, `doctor_id`, `Quarantine_day`, `created_date`, `updated_date`, `is_created`) VALUES (2, 2, 1, DEFAULT, NULL, NULL, NULL);
INSERT INTO `central_hospital_england`.`quarantine` (`id`, `patient_id`, `doctor_id`, `Quarantine_day`, `created_date`, `updated_date`, `is_created`) VALUES (3, 3, 3, DEFAULT, NULL, NULL, NULL);
INSERT INTO `central_hospital_england`.`quarantine` (`id`, `patient_id`, `doctor_id`, `Quarantine_day`, `created_date`, `updated_date`, `is_created`) VALUES (4, 4, 4, DEFAULT, NULL, NULL, NULL);
INSERT INTO `central_hospital_england`.`quarantine` (`id`, `patient_id`, `doctor_id`, `Quarantine_day`, `created_date`, `updated_date`, `is_created`) VALUES (5, 5, 1, DEFAULT, NULL, NULL, NULL);

COMMIT;


-- -----------------------------------------------------
-- Data for table `central_hospital_england`.`testing_detail`
-- -----------------------------------------------------
START TRANSACTION;
USE `central_hospital_england`;
INSERT INTO `central_hospital_england`.`testing_detail` (`id`, `test_name`, `testing_detail`, `test_status`, `created_date`, `updated_date`, `is_deleted`) VALUES (1, 'malaria', 'Malaria is caused by the Plasmodium parasite.', negative, DEFAULT, NULL, DEFAULT);
INSERT INTO `central_hospital_england`.`testing_detail` (`id`, `test_name`, `testing_detail`, `test_status`, `created_date`, `updated_date`, `is_deleted`) VALUES (2, 'Rapid diagnostic', ' illness caused by the new strain of coronavirus', positive, DEFAULT, NULL, DEFAULT);
INSERT INTO `central_hospital_england`.`testing_detail` (`id`, `test_name`, `testing_detail`, `test_status`, `created_date`, `updated_date`, `is_deleted`) VALUES (3, 'typhoid', 'Typhoid fever is contracted by drinking or eating the bacteria', negative, DEFAULT, NULL, DEFAULT);
INSERT INTO `central_hospital_england`.`testing_detail` (`id`, `test_name`, `testing_detail`, `test_status`, `created_date`, `updated_date`, `is_deleted`) VALUES (4, 'Dengu', 'Dengue is a mosquito-borne viral disease', negative, DEFAULT, NULL, DEFAULT);

COMMIT;

